image_id,image_file,source_affordance_id,prompt_affordance_id,prompt,baseline_top1_score,unified_top1_score,score_gap_baseline_minus_unified
193717,000000193717.jpg,carry_in,talk_on,something to talk on .,0.538528,0.345809,0.192719
233727,000000233727.jpg,ride,talk_on,something to talk on .,0.456194,0.304167,0.152027
256192,000000256192.jpg,carry_in,talk_on,something to talk on .,0.472431,0.326259,0.146172
174482,000000174482.jpg,ride,talk_on,something to talk on .,0.446017,0.305202,0.140815
548339,000000548339.jpg,drink_from,talk_on,something to talk on .,0.425971,0.285328,0.140643
81394,000000081394.jpg,ride,talk_on,something to talk on .,0.448105,0.308669,0.139436
436883,000000436883.jpg,carry_in,talk_on,something to talk on .,0.426429,0.287835,0.138594
35326,000000035326.jpg,drink_from,talk_on,something to talk on .,0.471332,0.335727,0.135605
141328,000000141328.jpg,eat_with,talk_on,something to talk on .,0.474060,0.340342,0.133718
520871,000000520871.jpg,eat_with,talk_on,something to talk on .,0.426094,0.295843,0.130252
260106,000000260106.jpg,ride,talk_on,something to talk on .,0.459081,0.331184,0.127898
456015,000000456015.jpg,ride,talk_on,something to talk on .,0.413579,0.286424,0.127154
407868,000000407868.jpg,sit_on,talk_on,something to talk on .,0.463510,0.336483,0.127026
345466,000000345466.jpg,carry_in,talk_on,something to talk on .,0.393936,0.267299,0.126637
287874,000000287874.jpg,sit_on,talk_on,something to talk on .,0.445423,0.319569,0.125855
568290,000000568290.jpg,ride,talk_on,something to talk on .,0.438142,0.313008,0.125134
377946,000000377946.jpg,cut_with,talk_on,something to talk on .,0.419570,0.295433,0.124137
344888,000000344888.jpg,ride,talk_on,something to talk on .,0.461711,0.337700,0.124011
48555,000000048555.jpg,ride,talk_on,something to talk on .,0.415956,0.292081,0.123875
177213,000000177213.jpg,drink_from,talk_on,something to talk on .,0.403947,0.280933,0.123014
81738,000000081738.jpg,drink_from,talk_on,something to talk on .,0.386670,0.264761,0.121909
491867,000000491867.jpg,sit_on,talk_on,something to talk on .,0.386802,0.265209,0.121592
214539,000000214539.jpg,sit_on,talk_on,something to talk on .,0.411712,0.290341,0.121371
93353,000000093353.jpg,sit_on,talk_on,something to talk on .,0.445746,0.326733,0.119013
319696,000000319696.jpg,drink_from,talk_on,something to talk on .,0.433468,0.315569,0.117899
65350,000000065350.jpg,ride,talk_on,something to talk on .,0.421153,0.305747,0.115406
284623,000000284623.jpg,drink_from,talk_on,something to talk on .,0.359558,0.244312,0.115246
373382,000000373382.jpg,carry_in,talk_on,something to talk on .,0.379521,0.264337,0.115184
352900,000000352900.jpg,cut_with,talk_on,something to talk on .,0.412414,0.299863,0.112551
102411,000000102411.jpg,ride,talk_on,something to talk on .,0.387621,0.276381,0.111241
377723,000000377723.jpg,carry_in,talk_on,something to talk on .,0.426526,0.315956,0.110570
577932,000000577932.jpg,ride,talk_on,something to talk on .,0.360593,0.250138,0.110455
39477,000000039477.jpg,read,talk_on,something to talk on .,0.455138,0.345211,0.109927
31093,000000031093.jpg,carry_in,talk_on,something to talk on .,0.400720,0.291461,0.109259
261888,000000261888.jpg,ride,talk_on,something to talk on .,0.376679,0.267623,0.109056
338219,000000338219.jpg,sit_on,talk_on,something to talk on .,0.407001,0.298206,0.108795
93437,000000093437.jpg,read,talk_on,something to talk on .,0.384088,0.275734,0.108354
367680,000000367680.jpg,ride,talk_on,something to talk on .,0.430652,0.322364,0.108287
361238,000000361238.jpg,drink_from,talk_on,something to talk on .,0.379465,0.271316,0.108149
296222,000000296222.jpg,carry_in,talk_on,something to talk on .,0.372701,0.266750,0.105951
242934,000000242934.jpg,read,talk_on,something to talk on .,0.292578,0.187355,0.105222
463618,000000463618.jpg,sit_on,talk_on,something to talk on .,0.436743,0.331613,0.105130
264535,000000264535.jpg,read,talk_on,something to talk on .,0.365104,0.260336,0.104769
303713,000000303713.jpg,carry_in,talk_on,something to talk on .,0.379340,0.274617,0.104723
13546,000000013546.jpg,sit_on,talk_on,something to talk on .,0.426376,0.322676,0.103699
55167,000000055167.jpg,carry_in,talk_on,something to talk on .,0.420640,0.317449,0.103190
104669,000000104669.jpg,cut_with,talk_on,something to talk on .,0.375358,0.272525,0.102833
213086,000000213086.jpg,read,talk_on,something to talk on .,0.391115,0.288512,0.102603
262631,000000262631.jpg,drink_from,talk_on,something to talk on .,0.418767,0.316335,0.102432
221708,000000221708.jpg,sit_on,talk_on,something to talk on .,0.345494,0.243271,0.102223
174123,000000174123.jpg,eat_with,talk_on,something to talk on .,0.401688,0.299658,0.102030
173008,000000173008.jpg,cut_with,talk_on,something to talk on .,0.355678,0.253813,0.101865
545219,000000545219.jpg,carry_in,talk_on,something to talk on .,0.353897,0.252252,0.101646
215114,000000215114.jpg,drink_from,talk_on,something to talk on .,0.344201,0.242769,0.101433
337498,000000337498.jpg,drink_from,talk_on,something to talk on .,0.378764,0.277900,0.100864
513041,000000513041.jpg,drink_from,talk_on,something to talk on .,0.402459,0.302227,0.100232
143998,000000143998.jpg,cut_with,talk_on,something to talk on .,0.359478,0.259258,0.100220
462904,000000462904.jpg,ride,talk_on,something to talk on .,0.417023,0.316932,0.100091
334399,000000334399.jpg,read,talk_on,something to talk on .,0.392594,0.292920,0.099674
227898,000000227898.jpg,ride,talk_on,something to talk on .,0.346472,0.246867,0.099605
6471,000000006471.jpg,drink_from,talk_on,something to talk on .,0.368578,0.269017,0.099561
438226,000000438226.jpg,eat_with,talk_on,something to talk on .,0.365269,0.266362,0.098906
97924,000000097924.jpg,ride,talk_on,something to talk on .,0.362638,0.263972,0.098666
433204,000000433204.jpg,ride,talk_on,something to talk on .,0.409465,0.310846,0.098619
380706,000000380706.jpg,ride,talk_on,something to talk on .,0.358575,0.259983,0.098593
420840,000000420840.jpg,sit_on,talk_on,something to talk on .,0.358663,0.261500,0.097163
550322,000000550322.jpg,eat_with,talk_on,something to talk on .,0.356850,0.260549,0.096300
94614,000000094614.jpg,carry_in,talk_on,something to talk on .,0.333949,0.237743,0.096206
133969,000000133969.jpg,sit_on,talk_on,something to talk on .,0.373047,0.277083,0.095964
382111,000000382111.jpg,ride,talk_on,something to talk on .,0.319340,0.224266,0.095073
479248,000000479248.jpg,drink_from,talk_on,something to talk on .,0.338882,0.243932,0.094950
410650,000000410650.jpg,sit_on,talk_on,something to talk on .,0.379481,0.285081,0.094400
323828,000000323828.jpg,ride,talk_on,something to talk on .,0.341466,0.247834,0.093632
145620,000000145620.jpg,ride,talk_on,something to talk on .,0.370393,0.276889,0.093503
54605,000000054605.jpg,eat_with,talk_on,something to talk on .,0.361840,0.268671,0.093169
439593,000000439593.jpg,carry_in,talk_on,something to talk on .,0.335704,0.242908,0.092796
407614,000000407614.jpg,sit_on,talk_on,something to talk on .,0.343503,0.250798,0.092705
163117,000000163117.jpg,carry_in,talk_on,something to talk on .,0.352148,0.260089,0.092059
378284,000000378284.jpg,cut_with,talk_on,something to talk on .,0.339325,0.247949,0.091376
468925,000000468925.jpg,eat_with,talk_on,something to talk on .,0.373303,0.281999,0.091305
466125,000000466125.jpg,read,talk_on,something to talk on .,0.311796,0.221121,0.090676
423506,000000423506.jpg,drink_from,talk_on,something to talk on .,0.349170,0.258502,0.090668
470773,000000470773.jpg,cut_with,talk_on,something to talk on .,0.420674,0.330725,0.089949
331817,000000331817.jpg,cut_with,talk_on,something to talk on .,0.358838,0.269178,0.089660
450202,000000450202.jpg,eat_with,talk_on,something to talk on .,0.326656,0.237016,0.089640
166426,000000166426.jpg,eat_with,talk_on,something to talk on .,0.403789,0.315006,0.088783
513283,000000513283.jpg,cut_with,talk_on,something to talk on .,0.413843,0.325216,0.088627
371552,000000371552.jpg,sit_on,talk_on,something to talk on .,0.340967,0.252438,0.088529
460494,000000460494.jpg,cut_with,talk_on,something to talk on .,0.365098,0.276831,0.088267
242060,000000242060.jpg,eat_with,talk_on,something to talk on .,0.352334,0.264078,0.088255
485972,000000485972.jpg,eat_with,talk_on,something to talk on .,0.454494,0.366261,0.088233
289938,000000289938.jpg,drink_from,talk_on,something to talk on .,0.365626,0.277508,0.088118
236721,000000236721.jpg,eat_with,talk_on,something to talk on .,0.303850,0.216067,0.087783
179898,000000179898.jpg,read,talk_on,something to talk on .,0.342249,0.255301,0.086948
256916,000000256916.jpg,eat_with,talk_on,something to talk on .,0.311924,0.225262,0.086662
344100,000000344100.jpg,drink_from,talk_on,something to talk on .,0.407091,0.320620,0.086471
357737,000000357737.jpg,ride,talk_on,something to talk on .,0.320357,0.234078,0.086279
555005,000000555005.jpg,read,talk_on,something to talk on .,0.306969,0.220999,0.085970
329542,000000329542.jpg,drink_from,talk_on,something to talk on .,0.376532,0.291387,0.085146
287667,000000287667.jpg,cut_with,talk_on,something to talk on .,0.307340,0.222333,0.085007
429690,000000429690.jpg,sit_on,talk_on,something to talk on .,0.328793,0.244158,0.084635
7281,000000007281.jpg,ride,talk_on,something to talk on .,0.328666,0.244216,0.084449
17959,000000017959.jpg,carry_in,talk_on,something to talk on .,0.348825,0.264417,0.084408
312192,000000312192.jpg,drink_from,talk_on,something to talk on .,0.354093,0.270950,0.083143
78404,000000078404.jpg,sit_on,talk_on,something to talk on .,0.282921,0.199913,0.083009
248111,000000248111.jpg,carry_in,talk_on,something to talk on .,0.309898,0.226957,0.082941
527750,000000527750.jpg,drink_from,talk_on,something to talk on .,0.313094,0.230294,0.082800
139077,000000139077.jpg,read,talk_on,something to talk on .,0.371714,0.289044,0.082670
473869,000000473869.jpg,eat_with,talk_on,something to talk on .,0.377313,0.294705,0.082608
213255,000000213255.jpg,drink_from,talk_on,something to talk on .,0.312447,0.229897,0.082550
356531,000000356531.jpg,drink_from,talk_on,something to talk on .,0.279932,0.197537,0.082395
97337,000000097337.jpg,sit_on,talk_on,something to talk on .,0.364366,0.282259,0.082107
313034,000000313034.jpg,eat_with,talk_on,something to talk on .,0.352080,0.270057,0.082023
293858,000000293858.jpg,drink_from,talk_on,something to talk on .,0.335525,0.253598,0.081927
572462,000000572462.jpg,drink_from,talk_on,something to talk on .,0.324536,0.242790,0.081747
224675,000000224675.jpg,carry_in,talk_on,something to talk on .,0.346903,0.265255,0.081648
47112,000000047112.jpg,cut_with,talk_on,something to talk on .,0.342780,0.261879,0.080901
465549,000000465549.jpg,sit_on,talk_on,something to talk on .,0.294083,0.213277,0.080806
50145,000000050145.jpg,ride,talk_on,something to talk on .,0.303579,0.223070,0.080508
173371,000000173371.jpg,cut_with,talk_on,something to talk on .,0.362512,0.282364,0.080149
260105,000000260105.jpg,cut_with,talk_on,something to talk on .,0.309924,0.229884,0.080040
467176,000000467176.jpg,read,talk_on,something to talk on .,0.324085,0.244109,0.079976
400161,000000400161.jpg,read,talk_on,something to talk on .,0.420992,0.341249,0.079743
466986,000000466986.jpg,eat_with,talk_on,something to talk on .,0.327077,0.247342,0.079735
250766,000000250766.jpg,cut_with,talk_on,something to talk on .,0.323925,0.244197,0.079728
183716,000000183716.jpg,sit_on,talk_on,something to talk on .,0.322685,0.243066,0.079619
42628,000000042628.jpg,carry_in,talk_on,something to talk on .,0.434267,0.354868,0.079399
80659,000000080659.jpg,ride,talk_on,something to talk on .,0.318786,0.239713,0.079073
64868,000000064868.jpg,drink_from,talk_on,something to talk on .,0.347759,0.268713,0.079046
61108,000000061108.jpg,ride,talk_on,something to talk on .,0.326166,0.247212,0.078954
130826,000000130826.jpg,sit_on,talk_on,something to talk on .,0.295557,0.216636,0.078921
22892,000000022892.jpg,sit_on,talk_on,something to talk on .,0.319932,0.241829,0.078103
350148,000000350148.jpg,drink_from,talk_on,something to talk on .,0.399406,0.321525,0.077880
17714,000000017714.jpg,cut_with,talk_on,something to talk on .,0.330608,0.253081,0.077528
206579,000000206579.jpg,read,talk_on,something to talk on .,0.386110,0.308753,0.077357
20553,000000020553.jpg,sit_on,talk_on,something to talk on .,0.282108,0.204857,0.077251
66231,000000066231.jpg,cut_with,talk_on,something to talk on .,0.324495,0.247381,0.077115
335427,000000335427.jpg,eat_with,talk_on,something to talk on .,0.331180,0.254553,0.076627
265518,000000265518.jpg,eat_with,talk_on,something to talk on .,0.355990,0.279547,0.076443
534827,000000534827.jpg,carry_in,talk_on,something to talk on .,0.317168,0.240859,0.076309
34873,000000034873.jpg,drink_from,talk_on,something to talk on .,0.286818,0.210864,0.075954
280710,000000280710.jpg,carry_in,talk_on,something to talk on .,0.268610,0.192707,0.075903
446005,000000446005.jpg,read,talk_on,something to talk on .,0.370583,0.294814,0.075769
33638,000000033638.jpg,eat_with,talk_on,something to talk on .,0.271739,0.196318,0.075421
455937,000000455937.jpg,read,talk_on,something to talk on .,0.281736,0.206470,0.075266
349480,000000349480.jpg,carry_in,talk_on,something to talk on .,0.298183,0.223130,0.075053
320664,000000320664.jpg,cut_with,talk_on,something to talk on .,0.299590,0.224598,0.074993
425226,000000425226.jpg,drink_from,talk_on,something to talk on .,0.277753,0.203230,0.074523
474293,000000474293.jpg,carry_in,talk_on,something to talk on .,0.267086,0.192761,0.074325
371042,000000371042.jpg,carry_in,talk_on,something to talk on .,0.351842,0.277526,0.074316
374052,000000374052.jpg,sit_on,talk_on,something to talk on .,0.345881,0.271944,0.073937
295809,000000295809.jpg,ride,talk_on,something to talk on .,0.392543,0.319032,0.073510
549390,000000549390.jpg,carry_in,talk_on,something to talk on .,0.292224,0.219222,0.073002
133645,000000133645.jpg,sit_on,talk_on,something to talk on .,0.317538,0.244542,0.072996
160012,000000160012.jpg,cut_with,talk_on,something to talk on .,0.293441,0.220517,0.072923
548780,000000548780.jpg,sit_on,talk_on,something to talk on .,0.298225,0.226457,0.071767
293625,000000293625.jpg,drink_from,talk_on,something to talk on .,0.290114,0.218354,0.071760
452084,000000452084.jpg,eat_with,talk_on,something to talk on .,0.320551,0.249243,0.071307
199236,000000199236.jpg,ride,talk_on,something to talk on .,0.288968,0.218122,0.070846
458663,000000458663.jpg,cut_with,talk_on,something to talk on .,0.325572,0.254748,0.070824
135410,000000135410.jpg,ride,talk_on,something to talk on .,0.328122,0.258375,0.069747
121242,000000121242.jpg,ride,talk_on,something to talk on .,0.280685,0.210976,0.069710
210273,000000210273.jpg,ride,talk_on,something to talk on .,0.306548,0.237030,0.069517
544565,000000544565.jpg,eat_with,talk_on,something to talk on .,0.304640,0.235165,0.069476
95707,000000095707.jpg,cut_with,talk_on,something to talk on .,0.295110,0.226115,0.068995
128476,000000128476.jpg,drink_from,talk_on,something to talk on .,0.313607,0.244655,0.068952
182611,000000182611.jpg,eat_with,talk_on,something to talk on .,0.349302,0.280361,0.068941
549220,000000549220.jpg,read,talk_on,something to talk on .,0.308065,0.239176,0.068889
465836,000000465836.jpg,carry_in,talk_on,something to talk on .,0.251464,0.183083,0.068381
296231,000000296231.jpg,read,talk_on,something to talk on .,0.282953,0.214574,0.068380
507975,000000507975.jpg,ride,talk_on,something to talk on .,0.298378,0.230018,0.068360
8277,000000008277.jpg,eat_with,talk_on,something to talk on .,0.339675,0.271427,0.068248
262227,000000262227.jpg,read,talk_on,something to talk on .,0.308659,0.240576,0.068083
292060,000000292060.jpg,eat_with,talk_on,something to talk on .,0.271811,0.203886,0.067925
54628,000000054628.jpg,sit_on,talk_on,something to talk on .,0.315484,0.247834,0.067649
191580,000000191580.jpg,cut_with,talk_on,something to talk on .,0.275344,0.207827,0.067517
453001,000000453001.jpg,carry_in,talk_on,something to talk on .,0.358523,0.291239,0.067284
565877,000000565877.jpg,read,talk_on,something to talk on .,0.322653,0.255526,0.067127
169076,000000169076.jpg,sit_on,talk_on,something to talk on .,0.278105,0.211003,0.067102
580294,000000580294.jpg,eat_with,talk_on,something to talk on .,0.268069,0.201291,0.066778
429109,000000429109.jpg,ride,talk_on,something to talk on .,0.324504,0.258735,0.065769
66841,000000066841.jpg,eat_with,talk_on,something to talk on .,0.273657,0.208158,0.065499
496954,000000496954.jpg,eat_with,talk_on,something to talk on .,0.339435,0.274692,0.064743
286553,000000286553.jpg,cut_with,talk_on,something to talk on .,0.269668,0.205084,0.064584
397133,000000397133.jpg,eat_with,talk_on,something to talk on .,0.278483,0.213927,0.064556
192904,000000192904.jpg,sit_on,talk_on,something to talk on .,0.300852,0.236956,0.063896
40471,000000040471.jpg,cut_with,talk_on,something to talk on .,0.249596,0.185857,0.063739
530975,000000530975.jpg,eat_with,talk_on,something to talk on .,0.289507,0.225770,0.063737
335529,000000335529.jpg,sit_on,talk_on,something to talk on .,0.305768,0.242338,0.063430
182417,000000182417.jpg,eat_with,talk_on,something to talk on .,0.273179,0.209984,0.063195
40083,000000040083.jpg,ride,talk_on,something to talk on .,0.251316,0.188254,0.063062
241677,000000241677.jpg,ride,talk_on,something to talk on .,0.237486,0.174646,0.062840
66817,000000066817.jpg,eat_with,talk_on,something to talk on .,0.284266,0.221483,0.062783
78748,000000078748.jpg,ride,talk_on,something to talk on .,0.306426,0.243663,0.062763
136915,000000136915.jpg,read,talk_on,something to talk on .,0.342318,0.279960,0.062359
224724,000000224724.jpg,ride,talk_on,something to talk on .,0.325882,0.264283,0.061599
142324,000000142324.jpg,carry_in,talk_on,something to talk on .,0.296722,0.235172,0.061550
416885,000000416885.jpg,eat_with,talk_on,something to talk on .,0.363875,0.302327,0.061549
15254,000000015254.jpg,eat_with,talk_on,something to talk on .,0.335165,0.273746,0.061419
110999,000000110999.jpg,cut_with,talk_on,something to talk on .,0.294238,0.232883,0.061356
50380,000000050380.jpg,sit_on,talk_on,something to talk on .,0.247495,0.186157,0.061338
494869,000000494869.jpg,eat_with,talk_on,something to talk on .,0.332277,0.271214,0.061062
413689,000000413689.jpg,ride,talk_on,something to talk on .,0.261118,0.200216,0.060902
226984,000000226984.jpg,drink_from,talk_on,something to talk on .,0.300287,0.239386,0.060901
425925,000000425925.jpg,drink_from,talk_on,something to talk on .,0.290355,0.229500,0.060855
132375,000000132375.jpg,ride,talk_on,something to talk on .,0.291574,0.231145,0.060428
153527,000000153527.jpg,eat_with,talk_on,something to talk on .,0.297312,0.237393,0.059919
117425,000000117425.jpg,drink_from,talk_on,something to talk on .,0.317736,0.258049,0.059687
189475,000000189475.jpg,cut_with,talk_on,something to talk on .,0.234798,0.175838,0.058960
178982,000000178982.jpg,ride,talk_on,something to talk on .,0.298952,0.240650,0.058302
563604,000000563604.jpg,carry_in,talk_on,something to talk on .,0.314134,0.255883,0.058251
274460,000000274460.jpg,ride,talk_on,something to talk on .,0.248725,0.190811,0.057915
240940,000000240940.jpg,read,talk_on,something to talk on .,0.345114,0.287567,0.057547
276285,000000276285.jpg,drink_from,talk_on,something to talk on .,0.281075,0.223865,0.057210
375278,000000375278.jpg,read,talk_on,something to talk on .,0.292277,0.235394,0.056883
541634,000000541634.jpg,eat_with,talk_on,something to talk on .,0.286863,0.230528,0.056335
256868,000000256868.jpg,sit_on,talk_on,something to talk on .,0.284717,0.228393,0.056324
249129,000000249129.jpg,eat_with,talk_on,something to talk on .,0.265383,0.209256,0.056128
482275,000000482275.jpg,eat_with,talk_on,something to talk on .,0.294434,0.238802,0.055632
11149,000000011149.jpg,ride,talk_on,something to talk on .,0.271772,0.216227,0.055545
531134,000000531134.jpg,ride,talk_on,something to talk on .,0.262924,0.207429,0.055495
55528,000000055528.jpg,read,talk_on,something to talk on .,0.240166,0.185069,0.055096
146358,000000146358.jpg,sit_on,talk_on,something to talk on .,0.269635,0.214548,0.055087
113720,000000113720.jpg,drink_from,talk_on,something to talk on .,0.366892,0.311829,0.055062
325483,000000325483.jpg,read,talk_on,something to talk on .,0.257653,0.202646,0.055007
263969,000000263969.jpg,cut_with,talk_on,something to talk on .,0.238809,0.183907,0.054902
561889,000000561889.jpg,cut_with,talk_on,something to talk on .,0.307335,0.252459,0.054876
476810,000000476810.jpg,read,talk_on,something to talk on .,0.316664,0.262025,0.054639
530146,000000530146.jpg,cut_with,talk_on,something to talk on .,0.282492,0.227892,0.054601
48396,000000048396.jpg,sit_on,talk_on,something to talk on .,0.275987,0.221579,0.054408
334483,000000334483.jpg,cut_with,talk_on,something to talk on .,0.249889,0.195500,0.054389
505789,000000505789.jpg,carry_in,talk_on,something to talk on .,0.271128,0.217066,0.054061
221872,000000221872.jpg,eat_with,talk_on,something to talk on .,0.322982,0.269108,0.053874
166521,000000166521.jpg,read,talk_on,something to talk on .,0.271228,0.217568,0.053660
480021,000000480021.jpg,ride,talk_on,something to talk on .,0.261631,0.208404,0.053227
342367,000000342367.jpg,read,talk_on,something to talk on .,0.264412,0.211208,0.053204
175535,000000175535.jpg,cut_with,talk_on,something to talk on .,0.280741,0.227611,0.053130
568710,000000568710.jpg,sit_on,talk_on,something to talk on .,0.285605,0.232797,0.052808
277051,000000277051.jpg,cut_with,talk_on,something to talk on .,0.307748,0.255043,0.052705
230450,000000230450.jpg,ride,talk_on,something to talk on .,0.310589,0.258106,0.052483
513567,000000513567.jpg,carry_in,talk_on,something to talk on .,0.273314,0.220899,0.052416
344621,000000344621.jpg,read,talk_on,something to talk on .,0.269970,0.217582,0.052388
419312,000000419312.jpg,cut_with,talk_on,something to talk on .,0.281914,0.229857,0.052057
33221,000000033221.jpg,carry_in,talk_on,something to talk on .,0.306043,0.254270,0.051773
436738,000000436738.jpg,read,talk_on,something to talk on .,0.234763,0.183030,0.051732
177861,000000177861.jpg,ride,talk_on,something to talk on .,0.262593,0.210871,0.051722
528399,000000528399.jpg,eat_with,talk_on,something to talk on .,0.230941,0.179259,0.051682
85157,000000085157.jpg,eat_with,talk_on,something to talk on .,0.225740,0.174219,0.051521
255536,000000255536.jpg,ride,talk_on,something to talk on .,0.257337,0.205902,0.051435
413395,000000413395.jpg,drink_from,talk_on,something to talk on .,0.255419,0.204357,0.051061
297084,000000297084.jpg,eat_with,talk_on,something to talk on .,0.244963,0.193912,0.051051
417632,000000417632.jpg,carry_in,talk_on,something to talk on .,0.286809,0.235808,0.051001
571857,000000571857.jpg,drink_from,talk_on,something to talk on .,0.213281,0.162291,0.050989
360661,000000360661.jpg,ride,talk_on,something to talk on .,0.273903,0.223095,0.050808
571313,000000571313.jpg,sit_on,talk_on,something to talk on .,0.246031,0.195254,0.050777
405970,000000405970.jpg,read,talk_on,something to talk on .,0.298148,0.247376,0.050772
177935,000000177935.jpg,cut_with,talk_on,something to talk on .,0.257132,0.206686,0.050446
231097,000000231097.jpg,eat_with,talk_on,something to talk on .,0.272268,0.222112,0.050156
345027,000000345027.jpg,sit_on,talk_on,something to talk on .,0.356871,0.306952,0.049919
336356,000000336356.jpg,cut_with,talk_on,something to talk on .,0.256573,0.206767,0.049806
349152,000000349152.jpg,cut_with,talk_on,something to talk on .,0.321404,0.272164,0.049241
282037,000000282037.jpg,sit_on,talk_on,something to talk on .,0.261277,0.212162,0.049116
277005,000000277005.jpg,ride,talk_on,something to talk on .,0.251280,0.202237,0.049044
397354,000000397354.jpg,drink_from,talk_on,something to talk on .,0.312764,0.263741,0.049023
367095,000000367095.jpg,cut_with,talk_on,something to talk on .,0.220434,0.171415,0.049018
166166,000000166166.jpg,read,talk_on,something to talk on .,0.296243,0.247277,0.048966
7818,000000007818.jpg,drink_from,talk_on,something to talk on .,0.247204,0.198279,0.048925
162092,000000162092.jpg,eat_with,talk_on,something to talk on .,0.292897,0.244163,0.048735
32334,000000032334.jpg,drink_from,talk_on,something to talk on .,0.252904,0.204330,0.048574
127092,000000127092.jpg,carry_in,talk_on,something to talk on .,0.252262,0.204021,0.048241
12120,000000012120.jpg,sit_on,talk_on,something to talk on .,0.283558,0.235334,0.048225
55150,000000055150.jpg,read,talk_on,something to talk on .,0.237924,0.189955,0.047969
99114,000000099114.jpg,carry_in,talk_on,something to talk on .,0.239704,0.191908,0.047795
302030,000000302030.jpg,read,talk_on,something to talk on .,0.295526,0.247773,0.047753
74733,000000074733.jpg,sit_on,talk_on,something to talk on .,0.255100,0.207393,0.047707
301135,000000301135.jpg,ride,talk_on,something to talk on .,0.213965,0.166442,0.047523
480122,000000480122.jpg,cut_with,talk_on,something to talk on .,0.258048,0.210743,0.047305
289415,000000289415.jpg,eat_with,talk_on,something to talk on .,0.256466,0.209434,0.047032
575970,000000575970.jpg,drink_from,talk_on,something to talk on .,0.229265,0.182261,0.047005
189752,000000189752.jpg,cut_with,talk_on,something to talk on .,0.297829,0.251238,0.046591
182162,000000182162.jpg,read,talk_on,something to talk on .,0.240622,0.194129,0.046493
494913,000000494913.jpg,carry_in,talk_on,something to talk on .,0.284806,0.238357,0.046449
80932,000000080932.jpg,eat_with,talk_on,something to talk on .,0.248142,0.201796,0.046346
425361,000000425361.jpg,cut_with,talk_on,something to talk on .,0.279490,0.233198,0.046292
18575,000000018575.jpg,cut_with,talk_on,something to talk on .,0.242641,0.196389,0.046252
374083,000000374083.jpg,cut_with,talk_on,something to talk on .,0.256866,0.210738,0.046128
486040,000000486040.jpg,sit_on,talk_on,something to talk on .,0.278194,0.232100,0.046094
509824,000000509824.jpg,read,talk_on,something to talk on .,0.221828,0.175920,0.045908
552775,000000552775.jpg,cut_with,talk_on,something to talk on .,0.288342,0.242613,0.045729
112378,000000112378.jpg,sit_on,talk_on,something to talk on .,0.268925,0.223425,0.045500
127394,000000127394.jpg,sit_on,talk_on,something to talk on .,0.345498,0.300079,0.045420
488075,000000488075.jpg,drink_from,talk_on,something to talk on .,0.219347,0.174086,0.045261
13729,000000013729.jpg,sit_on,talk_on,something to talk on .,0.313911,0.268801,0.045110
422998,000000422998.jpg,drink_from,talk_on,something to talk on .,0.218493,0.173433,0.045060
18150,000000018150.jpg,drink_from,talk_on,something to talk on .,0.290223,0.245243,0.044981
578871,000000578871.jpg,eat_with,talk_on,something to talk on .,0.301585,0.256808,0.044777
283785,000000283785.jpg,read,talk_on,something to talk on .,0.283501,0.238763,0.044738
17182,000000017182.jpg,read,talk_on,something to talk on .,0.283310,0.238590,0.044720
183965,000000183965.jpg,drink_from,talk_on,something to talk on .,0.258881,0.214245,0.044636
175364,000000175364.jpg,eat_with,talk_on,something to talk on .,0.213455,0.168974,0.044480
535253,000000535253.jpg,read,talk_on,something to talk on .,0.272489,0.228011,0.044478
562059,000000562059.jpg,eat_with,talk_on,something to talk on .,0.334044,0.289855,0.044188
356432,000000356432.jpg,sit_on,talk_on,something to talk on .,0.253582,0.209688,0.043893
371699,000000371699.jpg,read,talk_on,something to talk on .,0.246063,0.202187,0.043877
520264,000000520264.jpg,eat_with,talk_on,something to talk on .,0.288998,0.245165,0.043832
396526,000000396526.jpg,read,talk_on,something to talk on .,0.214293,0.170560,0.043732
24610,000000024610.jpg,read,talk_on,something to talk on .,0.287019,0.243435,0.043585
416534,000000416534.jpg,read,talk_on,something to talk on .,0.226236,0.182853,0.043384
84674,000000084674.jpg,read,talk_on,something to talk on .,0.302953,0.259652,0.043301
9590,000000009590.jpg,eat_with,talk_on,something to talk on .,0.213759,0.170606,0.043153
305609,000000305609.jpg,eat_with,talk_on,something to talk on .,0.219239,0.176200,0.043039
215072,000000215072.jpg,drink_from,talk_on,something to talk on .,0.245641,0.202625,0.043015
419653,000000419653.jpg,drink_from,talk_on,something to talk on .,0.225953,0.183038,0.042915
92939,000000092939.jpg,cut_with,talk_on,something to talk on .,0.269062,0.226161,0.042901
527784,000000527784.jpg,drink_from,talk_on,something to talk on .,0.244246,0.201574,0.042671
440475,000000440475.jpg,sit_on,talk_on,something to talk on .,0.302370,0.259908,0.042463
99810,000000099810.jpg,sit_on,talk_on,something to talk on .,0.259228,0.216791,0.042437
441247,000000441247.jpg,drink_from,talk_on,something to talk on .,0.207869,0.165470,0.042399
231527,000000231527.jpg,cut_with,talk_on,something to talk on .,0.287333,0.245127,0.042205
166918,000000166918.jpg,cut_with,talk_on,something to talk on .,0.213672,0.171685,0.041987
289741,000000289741.jpg,carry_in,talk_on,something to talk on .,0.252185,0.210293,0.041892
329041,000000329041.jpg,carry_in,talk_on,something to talk on .,0.234352,0.192769,0.041583
31620,000000031620.jpg,sit_on,talk_on,something to talk on .,0.204482,0.162958,0.041524
251140,000000251140.jpg,read,talk_on,something to talk on .,0.294720,0.253249,0.041471
78266,000000078266.jpg,eat_with,talk_on,something to talk on .,0.257360,0.215934,0.041426
88040,000000088040.jpg,cut_with,talk_on,something to talk on .,0.248221,0.206799,0.041422
100723,000000100723.jpg,carry_in,talk_on,something to talk on .,0.338204,0.296988,0.041216
379476,000000379476.jpg,drink_from,talk_on,something to talk on .,0.242981,0.201913,0.041069
568195,000000568195.jpg,eat_with,talk_on,something to talk on .,0.251450,0.210482,0.040968
556000,000000556000.jpg,read,talk_on,something to talk on .,0.292727,0.251994,0.040733
154705,000000154705.jpg,read,talk_on,something to talk on .,0.276292,0.235562,0.040730
153529,000000153529.jpg,carry_in,talk_on,something to talk on .,0.250060,0.209423,0.040637
579970,000000579970.jpg,sit_on,talk_on,something to talk on .,0.232002,0.191766,0.040237
323151,000000323151.jpg,drink_from,talk_on,something to talk on .,0.366487,0.326258,0.040229
139684,000000139684.jpg,read,talk_on,something to talk on .,0.248817,0.208775,0.040042
57597,000000057597.jpg,carry_in,talk_on,something to talk on .,0.252298,0.212300,0.039998
524850,000000524850.jpg,carry_in,talk_on,something to talk on .,0.248780,0.209034,0.039745
190923,000000190923.jpg,carry_in,talk_on,something to talk on .,0.244667,0.205005,0.039662
27620,000000027620.jpg,sit_on,talk_on,something to talk on .,0.294895,0.255298,0.039597
632,000000000632.jpg,read,talk_on,something to talk on .,0.220078,0.181000,0.039078
157756,000000157756.jpg,ride,talk_on,something to talk on .,0.244307,0.205256,0.039051
338905,000000338905.jpg,cut_with,talk_on,something to talk on .,0.195037,0.156313,0.038724
512476,000000512476.jpg,sit_on,talk_on,something to talk on .,0.279524,0.240822,0.038701
359219,000000359219.jpg,cut_with,talk_on,something to talk on .,0.289807,0.251225,0.038582
500257,000000500257.jpg,carry_in,talk_on,something to talk on .,0.228563,0.190145,0.038418
127182,000000127182.jpg,cut_with,talk_on,something to talk on .,0.240748,0.202658,0.038090
434459,000000434459.jpg,cut_with,talk_on,something to talk on .,0.292070,0.254304,0.037766
172617,000000172617.jpg,carry_in,talk_on,something to talk on .,0.299428,0.261961,0.037467
463527,000000463527.jpg,eat_with,talk_on,something to talk on .,0.245035,0.207846,0.037189
435003,000000435003.jpg,sit_on,talk_on,something to talk on .,0.216074,0.179050,0.037024
416451,000000416451.jpg,read,talk_on,something to talk on .,0.250761,0.213860,0.036901
136355,000000136355.jpg,drink_from,talk_on,something to talk on .,0.211788,0.175005,0.036784
13923,000000013923.jpg,sit_on,talk_on,something to talk on .,0.277652,0.241265,0.036387
483999,000000483999.jpg,cut_with,talk_on,something to talk on .,0.243183,0.207152,0.036031
252294,000000252294.jpg,sit_on,talk_on,something to talk on .,0.275920,0.239916,0.036004
482436,000000482436.jpg,drink_from,talk_on,something to talk on .,0.232322,0.196476,0.035846
82812,000000082812.jpg,carry_in,talk_on,something to talk on .,0.215440,0.179658,0.035782
484978,000000484978.jpg,eat_with,talk_on,something to talk on .,0.258073,0.222350,0.035723
288584,000000288584.jpg,carry_in,talk_on,something to talk on .,0.296895,0.261377,0.035518
340175,000000340175.jpg,read,talk_on,something to talk on .,0.249356,0.213871,0.035484
108253,000000108253.jpg,drink_from,talk_on,something to talk on .,0.315257,0.279933,0.035324
288685,000000288685.jpg,carry_in,talk_on,something to talk on .,0.221756,0.186522,0.035234
25986,000000025986.jpg,drink_from,talk_on,something to talk on .,0.258393,0.223193,0.035200
294783,000000294783.jpg,carry_in,talk_on,something to talk on .,0.226905,0.191750,0.035155
84241,000000084241.jpg,eat_with,talk_on,something to talk on .,0.238430,0.203802,0.034628
484351,000000484351.jpg,read,talk_on,something to talk on .,0.204535,0.170237,0.034298
411530,000000411530.jpg,carry_in,talk_on,something to talk on .,0.220942,0.187077,0.033865
485844,000000485844.jpg,eat_with,talk_on,something to talk on .,0.231143,0.197284,0.033859
193926,000000193926.jpg,carry_in,talk_on,something to talk on .,0.296333,0.262822,0.033511
124659,000000124659.jpg,read,talk_on,something to talk on .,0.223596,0.190255,0.033341
99039,000000099039.jpg,drink_from,talk_on,something to talk on .,0.245048,0.211755,0.033294
377239,000000377239.jpg,carry_in,talk_on,something to talk on .,0.226329,0.193426,0.032903
298396,000000298396.jpg,cut_with,talk_on,something to talk on .,0.237095,0.204320,0.032775
520077,000000520077.jpg,read,talk_on,something to talk on .,0.234030,0.201504,0.032526
97994,000000097994.jpg,read,talk_on,something to talk on .,0.252065,0.220097,0.031968
384527,000000384527.jpg,ride,talk_on,something to talk on .,0.273776,0.241910,0.031866
185472,000000185472.jpg,carry_in,talk_on,something to talk on .,0.234834,0.203297,0.031538
383842,000000383842.jpg,carry_in,talk_on,something to talk on .,0.284334,0.253229,0.031105
91406,000000091406.jpg,eat_with,talk_on,something to talk on .,0.295808,0.264749,0.031060
441553,000000441553.jpg,carry_in,talk_on,something to talk on .,0.186200,0.155252,0.030949
205514,000000205514.jpg,read,talk_on,something to talk on .,0.249265,0.218442,0.030823
142620,000000142620.jpg,drink_from,talk_on,something to talk on .,0.235901,0.205101,0.030800
507037,000000507037.jpg,ride,talk_on,something to talk on .,0.217365,0.186581,0.030784
356387,000000356387.jpg,ride,talk_on,something to talk on .,0.211915,0.181167,0.030748
470924,000000470924.jpg,cut_with,talk_on,something to talk on .,0.200478,0.169893,0.030585
318455,000000318455.jpg,cut_with,talk_on,something to talk on .,0.249617,0.219404,0.030213
207844,000000207844.jpg,read,talk_on,something to talk on .,0.201138,0.171198,0.029940
356428,000000356428.jpg,carry_in,talk_on,something to talk on .,0.213687,0.184181,0.029505
492077,000000492077.jpg,ride,talk_on,something to talk on .,0.188470,0.159041,0.029429
385719,000000385719.jpg,read,talk_on,something to talk on .,0.221056,0.192351,0.028705
67616,000000067616.jpg,ride,talk_on,something to talk on .,0.224709,0.196135,0.028574
248314,000000248314.jpg,eat_with,talk_on,something to talk on .,0.219606,0.191060,0.028546
123633,000000123633.jpg,cut_with,talk_on,something to talk on .,0.245180,0.216850,0.028330
511076,000000511076.jpg,carry_in,talk_on,something to talk on .,0.262896,0.234935,0.027961
371677,000000371677.jpg,drink_from,talk_on,something to talk on .,0.225305,0.197691,0.027614
69213,000000069213.jpg,ride,talk_on,something to talk on .,0.272782,0.245235,0.027548
345361,000000345361.jpg,eat_with,talk_on,something to talk on .,0.231213,0.203914,0.027298
59635,000000059635.jpg,ride,talk_on,something to talk on .,0.244633,0.217630,0.027003
237517,000000237517.jpg,cut_with,talk_on,something to talk on .,0.234996,0.208358,0.026639
268378,000000268378.jpg,sit_on,talk_on,something to talk on .,0.212249,0.185771,0.026479
224807,000000224807.jpg,sit_on,talk_on,something to talk on .,0.211626,0.185161,0.026465
287347,000000287347.jpg,cut_with,talk_on,something to talk on .,0.257652,0.231271,0.026381
457078,000000457078.jpg,read,talk_on,something to talk on .,0.208500,0.182369,0.026131
290768,000000290768.jpg,cut_with,talk_on,something to talk on .,0.198454,0.172821,0.025633
363840,000000363840.jpg,sit_on,talk_on,something to talk on .,0.290367,0.265490,0.024877
563653,000000563653.jpg,carry_in,talk_on,something to talk on .,0.191461,0.166838,0.024622
316666,000000316666.jpg,read,talk_on,something to talk on .,0.261950,0.237375,0.024576
387098,000000387098.jpg,read,talk_on,something to talk on .,0.254424,0.231079,0.023345
319607,000000319607.jpg,carry_in,talk_on,something to talk on .,0.253447,0.230214,0.023232
491008,000000491008.jpg,cut_with,talk_on,something to talk on .,0.219521,0.197333,0.022188
171190,000000171190.jpg,cut_with,talk_on,something to talk on .,0.169756,0.149510,0.020246
189820,000000189820.jpg,read,talk_on,something to talk on .,0.166790,0.146804,0.019986
479155,000000479155.jpg,carry_in,talk_on,something to talk on .,0.218996,0.199984,0.019012
524456,000000524456.jpg,carry_in,talk_on,something to talk on .,0.229017,0.210931,0.018087
145597,000000145597.jpg,carry_in,talk_on,something to talk on .,0.210765,0.192828,0.017936
405279,000000405279.jpg,sit_on,talk_on,something to talk on .,0.239910,0.222266,0.017644
181753,000000181753.jpg,read,talk_on,something to talk on .,0.223453,0.206195,0.017258
11511,000000011511.jpg,ride,talk_on,something to talk on .,0.277472,0.261839,0.015633
363666,000000363666.jpg,cut_with,talk_on,something to talk on .,0.183855,0.168585,0.015269
435081,000000435081.jpg,eat_with,talk_on,something to talk on .,0.171848,0.161100,0.010748
